{
  "K": [
    [
      886.0353393554688,
      0,
      952.619384765625
    ],
    [
      0,
      889.0311279296875,
      533.9454345703125
    ],
    [
      0,
      0,
      1
    ]
  ],
  "D": [
    [
      0.06072807312011719
    ],
    [
      -0.009207725524902344
    ],
    [
      0.07591438293457031
    ],
    [
      -0.07038116455078125
    ]
  ],
  "rms": 1.2373175621032715,
  "img_size": [
    1920,
    1080
  ],
  "K_undist": [
    [
      577.3205521299525,
      0.0,
      948.1985976553572
    ],
    [
      0.0,
      579.2724274016053,
      534.3332242465756
    ],
    [
      0.0,
      0.0,
      1.0
    ]
  ]
}