{
  "K": [
    [879.7247940645265, 0, 963.3500071519579],
    [0, 881.1868529907862, 523.2158003747389],
    [0, 0, 1]
  ],
  "D": [
    [0.04219278652020252],
    [0.030171382680457402],
    [-0.002827956808679213],
    [-0.009278355143106985]
  ],
  "rms": 0.2313268045484198,
  "img_size": [1920, 1080]
}
